Registration number ,A,B,C,D,E,F,G,,,,
2103573,Bees,Bryophytes,Butterflies,Carabids,Isopods,Macromoths,Grasshoppers_._Crickets,,,,
2111326,Bees,Hoverflies,Isopods,Ladybirds,Macromoths,Grasshoppers_._Crickets,Vascular_plants,,,,
2200520,Bees,Bird,Butterflies,Carabids,Hoverflies,Isopods,Grasshoppers_._Crickets,,,,
2200562,Bees,Bird,Bryophytes,Hoverflies,Isopods,Ladybirds,Macromoths,,,,
2200572,Bird,Bryophytes,Butterflies,Hoverflies,Isopods,Grasshoppers_._Crickets,Vascular_plants,,,,
2200598,Bees,Bryophytes,Butterflies,Hoverflies,Macromoths,Grasshoppers_._Crickets,Vascular_plants,,,,
2200618,Bird,Butterflies,Carabids,Hoverflies,Ladybirds,Grasshoppers_._Crickets,Vascular_plants,,,,
2200630,Bryophytes,Butterflies,Carabids,Hoverflies,Ladybirds,Grasshoppers_._Crickets,Vascular_plants,,,,
2200650,Bird,Bryophytes,Butterflies,Carabids,Hoverflies,Isopods,Macromoths,,,,
2200694,Bees,Bird,Bryophytes,Carabids,Isopods,Macromoths,Grasshoppers_._Crickets,,,,
2200703,Bees,Butterflies,Carabids,Hoverflies,Isopods,Macromoths,Vascular_plants,,,,
2200765,Bees,Bird,Bryophytes,Hoverflies,Isopods,Ladybirds,Vascular_plants,,,,
2200827,Bees,Bird,Bryophytes,Carabids,Isopods,Macromoths,Vascular_plants,,,,
2200835,Bees,Bird,Bryophytes,Butterflies,Ladybirds,Macromoths,Vascular_plants,,,,
2200935,Bees,Butterflies,Hoverflies,Isopods,Ladybirds,Macromoths,Vascular_plants,,,,
2200975,Bees,Bird,Butterflies,Carabids,Hoverflies,Grasshoppers_._Crickets,Vascular_plants,,,,
2201011,Bees,Bird,Butterflies,Carabids,Hoverflies,Isopods,Vascular_plants,,,,
2201013,Bees,Bird,Bryophytes,Carabids,Isopods,Ladybirds,Vascular_plants,,,,
2201075,Bees,Bird,Bryophytes,Butterflies,Carabids,Hoverflies,Isopods,,,,
2201130,Bird,Bryophytes,Carabids,Hoverflies,Isopods,Ladybirds,Grasshoppers_._Crickets,,,,
2201154,Bees,Bird,Carabids,Hoverflies,Ladybirds,Grasshoppers_._Crickets,Vascular_plants,,,,
2201177,Bees,Bird,Bryophytes,Butterflies,Hoverflies,Isopods,Vascular_plants,,,,
2201226,Bees,Bird,Butterflies,Carabids,Isopods,Ladybirds,Grasshoppers_._Crickets,,,,
2201238,Bees,Bryophytes,Butterflies,Carabids,Ladybirds,Macromoths,Grasshoppers_._Crickets,,,,
2201313,Bees,Bird,Bryophytes,Butterflies,Isopods,Macromoths,Grasshoppers_._Crickets,,,,
2201331,Bees,Carabids,Hoverflies,Isopods,Ladybirds,Grasshoppers_._Crickets,Vascular_plants,,,,
2201419,Bird,Bryophytes,Carabids,Hoverflies,Isopods,Macromoths,Vascular_plants,,,,
2201442,Bird,Bryophytes,Butterflies,Carabids,Isopods,Ladybirds,Macromoths,,,,
2201538,Bird,Butterflies,Carabids,Hoverflies,Ladybirds,Macromoths,Vascular_plants,,,,
2201542,Bees,Bird,Bryophytes,Butterflies,Hoverflies,Isopods,Ladybirds,,,,
2201575,Bird,Bryophytes,Butterflies,Carabids,Hoverflies,Macromoths,Vascular_plants,,,,
2201590,Bees,Bryophytes,Carabids,Hoverflies,Isopods,Ladybirds,Vascular_plants,,,,
2201655,Bees,Bird,Butterflies,Hoverflies,Isopods,Macromoths,Vascular_plants,,,,
2201687,Bees,Bryophytes,Butterflies,Isopods,Macromoths,Grasshoppers_._Crickets,Vascular_plants,,,,
2201726,Bees,Bird,Butterflies,Carabids,Macromoths,Grasshoppers_._Crickets,Vascular_plants,,,,
2201816,Bees,Bird,Carabids,Hoverflies,Isopods,Grasshoppers_._Crickets,Vascular_plants,,,,
2201828,Bees,Bryophytes,Butterflies,Carabids,Hoverflies,Isopods,Grasshoppers_._Crickets,,,,
2201849,Bird,Butterflies,Carabids,Hoverflies,Ladybirds,Macromoths,Grasshoppers_._Crickets,,,,
2201855,Bird,Bryophytes,Butterflies,Carabids,Ladybirds,Macromoths,Vascular_plants,,,,
2201880,Bees,Bird,Butterflies,Carabids,Hoverflies,Isopods,Ladybirds,,,,
2201924,Bird,Bryophytes,Butterflies,Carabids,Isopods,Macromoths,Grasshoppers_._Crickets,,,,
2201975,Bees,Bird,Bryophytes,Butterflies,Hoverflies,Isopods,Grasshoppers_._Crickets,,,,
2202093,Bees,Bird,Butterflies,Ladybirds,Macromoths,Grasshoppers_._Crickets,Vascular_plants,,,,
2202097,Bees,Bird,Carabids,Hoverflies,Ladybirds,Macromoths,Vascular_plants,,,,
2202169,Bird,Carabids,Isopods,Ladybirds,Macromoths,Grasshoppers_._Crickets,Vascular_plants,,,,
2202275,Bees,Bird,Bryophytes,Butterflies,Isopods,Ladybirds,Vascular_plants,,,,
2202348,Bird,Bryophytes,Butterflies,Hoverflies,Macromoths,Grasshoppers_._Crickets,Vascular_plants,,,,
2202362,Butterflies,Carabids,Hoverflies,Isopods,Ladybirds,Grasshoppers_._Crickets,Vascular_plants,,,,
2202479,Bees,Bird,Butterflies,Carabids,Hoverflies,Ladybirds,Vascular_plants,,,,
2202502,Bees,Bird,Butterflies,Carabids,Hoverflies,Ladybirds,Macromoths,,,,
2202528,Bees,Bryophytes,Carabids,Hoverflies,Macromoths,Grasshoppers_._Crickets,Vascular_plants,,,,
2202571,Bird,Bryophytes,Butterflies,Carabids,Isopods,Macromoths,Vascular_plants,,,,
2202597,Bees,Bird,Isopods,Ladybirds,Macromoths,Grasshoppers_._Crickets,Vascular_plants,,,,
2202602,Bird,Butterflies,Isopods,Ladybirds,Macromoths,Grasshoppers_._Crickets,Vascular_plants,,,,
2202628,Bees,Bird,Bryophytes,Carabids,Ladybirds,Macromoths,Grasshoppers_._Crickets,,,,
2202658,Bryophytes,Carabids,Hoverflies,Isopods,Ladybirds,Macromoths,Vascular_plants,,,,
2202694,Bird,Bryophytes,Hoverflies,Isopods,Ladybirds,Macromoths,Grasshoppers_._Crickets,,,,
2203940,Bird,Bryophytes,Carabids,Isopods,Macromoths,Grasshoppers_._Crickets,Vascular_plants,,,,
2204384,Bees,Bryophytes,Carabids,Isopods,Ladybirds,Macromoths,Grasshoppers_._Crickets,,,,
2204441,Bees,Bryophytes,Hoverflies,Isopods,Macromoths,Grasshoppers_._Crickets,Vascular_plants,,,,
2204736,Bees,Butterflies,Carabids,Hoverflies,Isopods,Ladybirds,Grasshoppers_._Crickets,,,,
2205006,Bees,Bird,Carabids,Isopods,Macromoths,Grasshoppers_._Crickets,Vascular_plants,,,,
2205015,Bees,Bird,Butterflies,Hoverflies,Macromoths,Grasshoppers_._Crickets,Vascular_plants,,,,
2205047,Bees,Bryophytes,Butterflies,Hoverflies,Isopods,Ladybirds,Vascular_plants,,,,
2205063,Bird,Carabids,Hoverflies,Isopods,Ladybirds,Macromoths,Grasshoppers_._Crickets,,,,
2205108,Bees,Bryophytes,Carabids,Hoverflies,Isopods,Macromoths,Grasshoppers_._Crickets,,,,
2205123,Bird,Butterflies,Carabids,Hoverflies,Isopods,Grasshoppers_._Crickets,Vascular_plants,,,,
2205179,Bird,Butterflies,Carabids,Isopods,Ladybirds,Macromoths,Vascular_plants,,,,
2205185,Bees,Butterflies,Carabids,Isopods,Ladybirds,Macromoths,Grasshoppers_._Crickets,,,,
2205198,Bees,Bryophytes,Butterflies,Carabids,Hoverflies,Macromoths,Grasshoppers_._Crickets,,,,
2205279,Bird,Bryophytes,Carabids,Hoverflies,Ladybirds,Grasshoppers_._Crickets,Vascular_plants,,,,
2205343,Bees,Bryophytes,Butterflies,Hoverflies,Ladybirds,Grasshoppers_._Crickets,Vascular_plants,,,,
2205344,Bird,Bryophytes,Carabids,Hoverflies,Macromoths,Grasshoppers_._Crickets,Vascular_plants,,,,
2205349,Bees,Bird,Butterflies,Carabids,Hoverflies,Macromoths,Grasshoppers_._Crickets,,,,
2205383,Bees,Bird,Butterflies,Carabids,Hoverflies,Isopods,Macromoths,,,,
2205386,Bees,Butterflies,Carabids,Hoverflies,Isopods,Grasshoppers_._Crickets,Vascular_plants,,,,
2205390,Bees,Bird,Butterflies,Carabids,Ladybirds,Macromoths,Vascular_plants,,,,
2205416,Bryophytes,Butterflies,Carabids,Hoverflies,Isopods,Ladybirds,Grasshoppers_._Crickets,,,,
2205432,Bird,Bryophytes,Carabids,Hoverflies,Isopods,Ladybirds,Macromoths,,,,
2205479,Bird,Bryophytes,Carabids,Hoverflies,Isopods,Ladybirds,Vascular_plants,,,,
2205491,Bees,Bird,Bryophytes,Butterflies,Carabids,Isopods,Grasshoppers_._Crickets,,,,
2205530,Bees,Bird,Hoverflies,Isopods,Ladybirds,Grasshoppers_._Crickets,Vascular_plants,,,,
2205633,Bryophytes,Carabids,Isopods,Ladybirds,Macromoths,Grasshoppers_._Crickets,Vascular_plants,,,,
2206367,Bees,Bird,Hoverflies,Isopods,Ladybirds,Macromoths,Grasshoppers_._Crickets,,,,
2207250,Bees,Butterflies,Carabids,Hoverflies,Macromoths,Grasshoppers_._Crickets,Vascular_plants,,,,
2207257,Bees,Bird,Bryophytes,Carabids,Hoverflies,Isopods,Macromoths,,,,
2207271,Bees,Butterflies,Carabids,Hoverflies,Isopods,Ladybirds,Macromoths,,,,
2207948,Bees,Bird,Butterflies,Carabids,Hoverflies,Ladybirds,Grasshoppers_._Crickets,,,,
2207949,Bird,Butterflies,Carabids,Isopods,Ladybirds,Macromoths,Grasshoppers_._Crickets,,,,
2208047,Bees,Bryophytes,Butterflies,Hoverflies,Isopods,Macromoths,Grasshoppers_._Crickets,,,,
2208067,Bees,Bryophytes,Isopods,Ladybirds,Macromoths,Grasshoppers_._Crickets,Vascular_plants,,,,
2208070,Bird,Bryophytes,Butterflies,Ladybirds,Macromoths,Grasshoppers_._Crickets,Vascular_plants,,,,
2208720,Bird,Bryophytes,Carabids,Hoverflies,Ladybirds,Macromoths,Vascular_plants,,,,
2209338,Bees,Bryophytes,Carabids,Isopods,Ladybirds,Grasshoppers_._Crickets,Vascular_plants,,,,
2209937,Bird,Bryophytes,Hoverflies,Isopods,Ladybirds,Grasshoppers_._Crickets,Vascular_plants,,,,
2210255,Butterflies,Carabids,Hoverflies,Isopods,Ladybirds,Macromoths,Vascular_plants,,,,
2210796,Bees,Bryophytes,Butterflies,Hoverflies,Isopods,Ladybirds,Grasshoppers_._Crickets,,,,
2211374,Bees,Bryophytes,Butterflies,Carabids,Macromoths,Grasshoppers_._Crickets,Vascular_plants,,,,
2211376,Bryophytes,Butterflies,Carabids,Hoverflies,Isopods,Ladybirds,Vascular_plants,,,,
2211383,Bird,Bryophytes,Butterflies,Hoverflies,Ladybirds,Macromoths,Grasshoppers_._Crickets,,,,
2211384,Bees,Bird,Butterflies,Carabids,Isopods,Macromoths,Vascular_plants,,,,
2211389,Butterflies,Carabids,Hoverflies,Ladybirds,Macromoths,Grasshoppers_._Crickets,Vascular_plants,,,,
2211398,Bryophytes,Butterflies,Hoverflies,Isopods,Ladybirds,Macromoths,Grasshoppers_._Crickets,,,,
2211406,Bees,Bird,Bryophytes,Butterflies,Carabids,Ladybirds,Vascular_plants,,,,
2211415,Bees,Butterflies,Carabids,Ladybirds,Macromoths,Grasshoppers_._Crickets,Vascular_plants,,,,
2211416,Bryophytes,Butterflies,Hoverflies,Ladybirds,Macromoths,Grasshoppers_._Crickets,Vascular_plants,,,,
2211419,Bees,Bird,Carabids,Hoverflies,Isopods,Macromoths,Grasshoppers_._Crickets,,,,
2211420,Bees,Bryophytes,Butterflies,Carabids,Hoverflies,Macromoths,Vascular_plants,,,,
2211422,Bees,Carabids,Hoverflies,Isopods,Ladybirds,Macromoths,Grasshoppers_._Crickets,,,,
2211436,Bird,Bryophytes,Butterflies,Carabids,Hoverflies,Isopods,Vascular_plants,,,,
2211440,Bees,Bird,Bryophytes,Hoverflies,Isopods,Ladybirds,Grasshoppers_._Crickets,,,,
2211443,Bees,Bryophytes,Butterflies,Carabids,Hoverflies,Ladybirds,Vascular_plants,,,,
2211449,Bees,Bryophytes,Carabids,Hoverflies,Isopods,Ladybirds,Grasshoppers_._Crickets,,,,
2211450,Bees,Bird,Bryophytes,Hoverflies,Ladybirds,Macromoths,Vascular_plants,,,,
2211455,Bees,Bryophytes,Butterflies,Carabids,Isopods,Ladybirds,Grasshoppers_._Crickets,,,,
2211461,Bird,Bryophytes,Hoverflies,Ladybirds,Macromoths,Grasshoppers_._Crickets,Vascular_plants,,,,
2211466,Bird,Bryophytes,Butterflies,Carabids,Hoverflies,Macromoths,Grasshoppers_._Crickets,,,,
2211481,Bees,Bird,Bryophytes,Hoverflies,Ladybirds,Grasshoppers_._Crickets,Vascular_plants,,,,
2211482,Bees,Carabids,Hoverflies,Isopods,Macromoths,Grasshoppers_._Crickets,Vascular_plants,,,,
2211483,Bees,Bryophytes,Butterflies,Carabids,Hoverflies,Ladybirds,Macromoths,,,,
2211484,Bees,Bird,Bryophytes,Hoverflies,Macromoths,Grasshoppers_._Crickets,Vascular_plants,,,,
2211485,Bryophytes,Butterflies,Carabids,Hoverflies,Ladybirds,Macromoths,Grasshoppers_._Crickets,,,,
2211486,Bees,Butterflies,Carabids,Hoverflies,Ladybirds,Macromoths,Grasshoppers_._Crickets,,,,
2211488,Bird,Bryophytes,Butterflies,Hoverflies,Isopods,Ladybirds,Vascular_plants,,,,
2211489,Butterflies,Hoverflies,Isopods,Ladybirds,Macromoths,Grasshoppers_._Crickets,Vascular_plants,,,,
2211492,Bees,Bird,Butterflies,Hoverflies,Isopods,Grasshoppers_._Crickets,Vascular_plants,,,,
2211504,Bees,Bird,Bryophytes,Butterflies,Carabids,Isopods,Vascular_plants,,,,
2211509,Bees,Bryophytes,Carabids,Isopods,Macromoths,Grasshoppers_._Crickets,Vascular_plants,,,,
2211512,Bees,Bryophytes,Hoverflies,Ladybirds,Macromoths,Grasshoppers_._Crickets,Vascular_plants,,,,
2211513,Bird,Bryophytes,Carabids,Isopods,Ladybirds,Macromoths,Grasshoppers_._Crickets,,,,
2211530,Bryophytes,Carabids,Hoverflies,Ladybirds,Macromoths,Grasshoppers_._Crickets,Vascular_plants,,,,
2211534,Bees,Bryophytes,Carabids,Hoverflies,Isopods,Macromoths,Vascular_plants,,,,
2211539,Bees,Bird,Butterflies,Carabids,Isopods,Macromoths,Grasshoppers_._Crickets,,,,
2211540,Bird,Butterflies,Hoverflies,Isopods,Ladybirds,Grasshoppers_._Crickets,Vascular_plants,,,,
2211541,Bird,Bryophytes,Butterflies,Hoverflies,Isopods,Macromoths,Vascular_plants,,,,
2211543,Bees,Bryophytes,Butterflies,Carabids,Hoverflies,Grasshoppers_._Crickets,Vascular_plants,,,,
2211546,Bird,Bryophytes,Butterflies,Isopods,Ladybirds,Grasshoppers_._Crickets,Vascular_plants,,,,
2211548,Bees,Bird,Carabids,Isopods,Ladybirds,Macromoths,Vascular_plants,,,,
2211550,Bird,Bryophytes,Carabids,Ladybirds,Macromoths,Grasshoppers_._Crickets,Vascular_plants,,,,
2211552,Bees,Bird,Hoverflies,Isopods,Macromoths,Grasshoppers_._Crickets,Vascular_plants,,,,
2211553,Bees,Bird,Bryophytes,Butterflies,Hoverflies,Macromoths,Grasshoppers_._Crickets,,,,
2211554,Bird,Bryophytes,Butterflies,Hoverflies,Isopods,Macromoths,Grasshoppers_._Crickets,,,,
2211560,Bird,Bryophytes,Carabids,Hoverflies,Ladybirds,Macromoths,Grasshoppers_._Crickets,,,,
2211566,Bees,Butterflies,Carabids,Isopods,Ladybirds,Macromoths,Vascular_plants,,,,
2211570,Bird,Butterflies,Hoverflies,Isopods,Macromoths,Grasshoppers_._Crickets,Vascular_plants,,,,
2211572,Bees,Bryophytes,Carabids,Hoverflies,Ladybirds,Macromoths,Vascular_plants,,,,
2211582,Bees,Bryophytes,Butterflies,Isopods,Ladybirds,Macromoths,Grasshoppers_._Crickets,,,,
2211590,Bryophytes,Butterflies,Carabids,Hoverflies,Isopods,Ladybirds,Macromoths,,,,
2211591,Bees,Bird,Bryophytes,Butterflies,Carabids,Isopods,Macromoths,,,,
2211599,Bees,Bird,Bryophytes,Butterflies,Carabids,Ladybirds,Grasshoppers_._Crickets,,,,
2211601,Bryophytes,Carabids,Hoverflies,Isopods,Ladybirds,Macromoths,Grasshoppers_._Crickets,,,,
2211606,Bees,Bird,Bryophytes,Butterflies,Carabids,Macromoths,Vascular_plants,,,,
2211607,Bees,Bird,Bryophytes,Carabids,Hoverflies,Ladybirds,Macromoths,,,,
2211611,Bees,Bird,Bryophytes,Butterflies,Hoverflies,Grasshoppers_._Crickets,Vascular_plants,,,,
2211616,Bees,Butterflies,Carabids,Hoverflies,Isopods,Ladybirds,Vascular_plants,,,,
2211621,Bees,Bryophytes,Butterflies,Isopods,Ladybirds,Macromoths,Vascular_plants,,,,
2211625,Bird,Bryophytes,Hoverflies,Isopods,Macromoths,Grasshoppers_._Crickets,Vascular_plants,,,,
2211633,Bees,Bird,Butterflies,Carabids,Hoverflies,Macromoths,Vascular_plants,,,,
2211651,Bees,Bird,Hoverflies,Isopods,Ladybirds,Macromoths,Vascular_plants,,,,
2211652,Bees,Bird,Butterflies,Hoverflies,Isopods,Ladybirds,Macromoths,,,,
2211656,Bird,Bryophytes,Butterflies,Hoverflies,Ladybirds,Grasshoppers_._Crickets,Vascular_plants,,,,
2211658,Bryophytes,Butterflies,Carabids,Isopods,Ladybirds,Macromoths,Grasshoppers_._Crickets,,,,
2211659,Bees,Bird,Bryophytes,Butterflies,Hoverflies,Isopods,Macromoths,,,,
2211664,Bees,Bird,Carabids,Hoverflies,Isopods,Ladybirds,Macromoths,,,,
2211666,Bird,Bryophytes,Butterflies,Carabids,Isopods,Grasshoppers_._Crickets,Vascular_plants,,,,
2211674,Bird,Carabids,Hoverflies,Isopods,Ladybirds,Grasshoppers_._Crickets,Vascular_plants,,,,
2211676,Bird,Bryophytes,Butterflies,Carabids,Ladybirds,Macromoths,Grasshoppers_._Crickets,,,,
2211679,Bird,Bryophytes,Butterflies,Carabids,Macromoths,Grasshoppers_._Crickets,Vascular_plants,,,,
2211680,Bees,Bird,Bryophytes,Carabids,Ladybirds,Macromoths,Vascular_plants,,,,
2211687,Bird,Bryophytes,Butterflies,Carabids,Hoverflies,Grasshoppers_._Crickets,Vascular_plants,,,,
2211688,Bird,Butterflies,Hoverflies,Ladybirds,Macromoths,Grasshoppers_._Crickets,Vascular_plants,,,,
2211693,Bird,Bryophytes,Butterflies,Carabids,Isopods,Ladybirds,Grasshoppers_._Crickets,,,,
2211697,Bees,Bird,Butterflies,Carabids,Ladybirds,Grasshoppers_._Crickets,Vascular_plants,,,,
2211699,Bees,Bryophytes,Carabids,Hoverflies,Ladybirds,Grasshoppers_._Crickets,Vascular_plants,,,,
2211700,Bees,Bird,Bryophytes,Butterflies,Carabids,Hoverflies,Ladybirds,,,,
2211703,Bees,Bird,Bryophytes,Butterflies,Isopods,Grasshoppers_._Crickets,Vascular_plants,,,,
2211708,Bees,Bird,Bryophytes,Hoverflies,Ladybirds,Macromoths,Grasshoppers_._Crickets,,,,
2211712,Bees,Bird,Bryophytes,Butterflies,Ladybirds,Grasshoppers_._Crickets,Vascular_plants,,,,
2211713,Butterflies,Carabids,Hoverflies,Isopods,Macromoths,Grasshoppers_._Crickets,Vascular_plants,,,,
2211714,Bees,Bird,Hoverflies,Ladybirds,Macromoths,Grasshoppers_._Crickets,Vascular_plants,,,,
2211716,Bird,Butterflies,Carabids,Isopods,Macromoths,Grasshoppers_._Crickets,Vascular_plants,,,,
2211721,Bees,Bird,Butterflies,Isopods,Ladybirds,Grasshoppers_._Crickets,Vascular_plants,,,,
2211724,Bryophytes,Butterflies,Carabids,Hoverflies,Isopods,Macromoths,Vascular_plants,,,,
2211726,Bird,Bryophytes,Hoverflies,Isopods,Ladybirds,Macromoths,Vascular_plants,,,,
2211728,Bryophytes,Butterflies,Hoverflies,Isopods,Ladybirds,Grasshoppers_._Crickets,Vascular_plants,,,,
2211743,Bees,Bird,Bryophytes,Carabids,Ladybirds,Grasshoppers_._Crickets,Vascular_plants,,,,
2211744,Bryophytes,Butterflies,Carabids,Ladybirds,Macromoths,Grasshoppers_._Crickets,Vascular_plants,,,,
2211746,Bees,Bird,Butterflies,Hoverflies,Ladybirds,Grasshoppers_._Crickets,Vascular_plants,,,,
2211749,Bees,Bryophytes,Butterflies,Carabids,Isopods,Ladybirds,Vascular_plants,,,,
2211753,Bees,Bryophytes,Butterflies,Isopods,Ladybirds,Grasshoppers_._Crickets,Vascular_plants,,,,
2211754,Bees,Bryophytes,Carabids,Hoverflies,Isopods,Grasshoppers_._Crickets,Vascular_plants,,,,
2211770,Bees,Bryophytes,Carabids,Isopods,Ladybirds,Macromoths,Vascular_plants,,,,
2211773,Bees,Bird,Bryophytes,Carabids,Hoverflies,Grasshoppers_._Crickets,Vascular_plants,,,,
2211880,Bird,Butterflies,Carabids,Hoverflies,Isopods,Ladybirds,Vascular_plants,,,,
2211881,Bees,Bird,Bryophytes,Butterflies,Carabids,Grasshoppers_._Crickets,Vascular_plants,,,,
2211885,Bees,Bryophytes,Hoverflies,Isopods,Ladybirds,Macromoths,Vascular_plants,,,,
2211895,Bees,Bryophytes,Butterflies,Hoverflies,Isopods,Grasshoppers_._Crickets,Vascular_plants,,,,
2211898,Bird,Butterflies,Hoverflies,Isopods,Ladybirds,Macromoths,Vascular_plants,,,,
2211900,Bees,Bird,Bryophytes,Carabids,Hoverflies,Isopods,Vascular_plants,,,,
2211903,Bees,Butterflies,Isopods,Ladybirds,Macromoths,Grasshoppers_._Crickets,Vascular_plants,,,,
2211911,Bees,Bryophytes,Butterflies,Hoverflies,Isopods,Macromoths,Vascular_plants,,,,
2211916,Bees,Carabids,Hoverflies,Isopods,Ladybirds,Macromoths,Vascular_plants,,,,
2211948,Bees,Butterflies,Hoverflies,Isopods,Ladybirds,Grasshoppers_._Crickets,Vascular_plants,,,,
2211959,Bird,Butterflies,Carabids,Hoverflies,Isopods,Macromoths,Vascular_plants,,,,
2211979,Bees,Bird,Bryophytes,Butterflies,Isopods,Ladybirds,Macromoths,,,,
2212005,Bees,Bryophytes,Carabids,Hoverflies,Isopods,Ladybirds,Macromoths,,,,
2212018,Bryophytes,Butterflies,Hoverflies,Isopods,Macromoths,Grasshoppers_._Crickets,Vascular_plants,,,,
2212020,Bees,Bird,Bryophytes,Butterflies,Carabids,Hoverflies,Vascular_plants,,,,
2212022,Bryophytes,Carabids,Hoverflies,Isopods,Ladybirds,Grasshoppers_._Crickets,Vascular_plants,,,,
2212041,Bees,Bird,Bryophytes,Hoverflies,Isopods,Macromoths,Vascular_plants,,,,
2212049,Bees,Bryophytes,Butterflies,Hoverflies,Ladybirds,Macromoths,Grasshoppers_._Crickets,,,,
2212051,Bird,Bryophytes,Carabids,Hoverflies,Isopods,Macromoths,Grasshoppers_._Crickets,,,,
2212061,Bird,Bryophytes,Carabids,Isopods,Ladybirds,Macromoths,Vascular_plants,,,,
2212063,Bees,Bird,Butterflies,Isopods,Macromoths,Grasshoppers_._Crickets,Vascular_plants,,,,
2212064,Bryophytes,Butterflies,Carabids,Isopods,Ladybirds,Grasshoppers_._Crickets,Vascular_plants,,,,
2212067,Bird,Butterflies,Carabids,Hoverflies,Isopods,Macromoths,Grasshoppers_._Crickets,,,,
2212071,Bird,Bryophytes,Butterflies,Hoverflies,Isopods,Ladybirds,Grasshoppers_._Crickets,,,,
2212097,Bird,Bryophytes,Butterflies,Isopods,Ladybirds,Macromoths,Vascular_plants,,,,
2212098,Bees,Bryophytes,Butterflies,Hoverflies,Ladybirds,Macromoths,Vascular_plants,,,,
2212108,Bees,Carabids,Isopods,Ladybirds,Macromoths,Grasshoppers_._Crickets,Vascular_plants,,,,
2212115,Bird,Butterflies,Carabids,Hoverflies,Macromoths,Grasshoppers_._Crickets,Vascular_plants,,,,
2212172,Carabids,Hoverflies,Isopods,Ladybirds,Macromoths,Grasshoppers_._Crickets,Vascular_plants,,,,
2212176,Bees,Butterflies,Carabids,Isopods,Ladybirds,Grasshoppers_._Crickets,Vascular_plants,,,,
2212177,Bees,Bird,Bryophytes,Butterflies,Macromoths,Grasshoppers_._Crickets,Vascular_plants,,,,
2212180,Bryophytes,Butterflies,Carabids,Isopods,Ladybirds,Macromoths,Vascular_plants,,,,
2212183,Bees,Bryophytes,Carabids,Ladybirds,Macromoths,Grasshoppers_._Crickets,Vascular_plants,,,,
2212188,Bees,Bird,Bryophytes,Butterflies,Carabids,Hoverflies,Macromoths,,,,
2212197,Bryophytes,Butterflies,Carabids,Hoverflies,Isopods,Macromoths,Grasshoppers_._Crickets,,,,
2212201,Bird,Bryophytes,Butterflies,Hoverflies,Ladybirds,Macromoths,Vascular_plants,,,,
2212220,Bees,Bird,Carabids,Isopods,Ladybirds,Grasshoppers_._Crickets,Vascular_plants,,,,
2212221,Bees,Bird,Bryophytes,Carabids,Hoverflies,Macromoths,Grasshoppers_._Crickets,,,,
2212231,Bees,Bird,Carabids,Hoverflies,Isopods,Macromoths,Vascular_plants,,,,
2212241,Bees,Bird,Carabids,Ladybirds,Macromoths,Grasshoppers_._Crickets,Vascular_plants,,,,
2212244,Bird,Bryophytes,Butterflies,Isopods,Ladybirds,Macromoths,Grasshoppers_._Crickets,,,,
2212246,Bird,Butterflies,Carabids,Hoverflies,Isopods,Ladybirds,Grasshoppers_._Crickets,,,,
2213133,Bees,Bird,Butterflies,Isopods,Ladybirds,Macromoths,Vascular_plants,,,,
2213138,Bird,Bryophytes,Isopods,Ladybirds,Macromoths,Grasshoppers_._Crickets,Vascular_plants,,,,
2213139,Bird,Bryophytes,Carabids,Hoverflies,Isopods,Grasshoppers_._Crickets,Vascular_plants,,,,
2213140,Bees,Butterflies,Carabids,Hoverflies,Isopods,Macromoths,Grasshoppers_._Crickets,,,,
2213145,Bees,Bird,Bryophytes,Butterflies,Isopods,Macromoths,Vascular_plants,,,,
2213153,Bird,Bryophytes,Butterflies,Carabids,Hoverflies,Ladybirds,Macromoths,,,,
2213160,Bees,Butterflies,Hoverflies,Isopods,Ladybirds,Macromoths,Grasshoppers_._Crickets,,,,
2213166,Bees,Butterflies,Carabids,Hoverflies,Ladybirds,Grasshoppers_._Crickets,Vascular_plants,,,,
2213169,Bees,Bird,Bryophytes,Butterflies,Isopods,Ladybirds,Grasshoppers_._Crickets,,,,
2213173,Bees,Bird,Carabids,Hoverflies,Isopods,Ladybirds,Vascular_plants,,,,
2213177,Bird,Bryophytes,Carabids,Isopods,Ladybirds,Grasshoppers_._Crickets,Vascular_plants,,,,
2213186,Butterflies,Carabids,Isopods,Ladybirds,Macromoths,Grasshoppers_._Crickets,Vascular_plants,,,,
2213187,Bees,Bird,Bryophytes,Carabids,Hoverflies,Isopods,Grasshoppers_._Crickets,,,,
2213197,Bees,Bird,Bryophytes,Butterflies,Ladybirds,Macromoths,Grasshoppers_._Crickets,,,,
2213201,Bees,Bird,Butterflies,Hoverflies,Ladybirds,Macromoths,Grasshoppers_._Crickets,,,,
2213204,Bird,Bryophytes,Butterflies,Isopods,Macromoths,Grasshoppers_._Crickets,Vascular_plants,,,,
2213206,Bees,Bird,Bryophytes,Carabids,Hoverflies,Ladybirds,Grasshoppers_._Crickets,,,,
2213212,Bees,Bryophytes,Butterflies,Carabids,Hoverflies,Isopods,Vascular_plants,,,,
2213215,Bees,Butterflies,Carabids,Hoverflies,Ladybirds,Macromoths,Vascular_plants,,,,
2213218,Bees,Bird,Bryophytes,Carabids,Isopods,Grasshoppers_._Crickets,Vascular_plants,,,,
2213221,Bryophytes,Butterflies,Carabids,Hoverflies,Ladybirds,Macromoths,Vascular_plants,,,,
2213380,Bees,Bird,Butterflies,Carabids,Isopods,Ladybirds,Macromoths,,,,
2213383,Bees,Bird,Bryophytes,Butterflies,Carabids,Macromoths,Grasshoppers_._Crickets,,,,
2213409,Bees,Bird,Bryophytes,Butterflies,Carabids,Isopods,Ladybirds,,,,
2213411,Bees,Bryophytes,Butterflies,Carabids,Isopods,Grasshoppers_._Crickets,Vascular_plants,,,,
2213412,Bryophytes,Butterflies,Hoverflies,Isopods,Ladybirds,Macromoths,Vascular_plants,,,,
2213415,Bees,Bird,Bryophytes,Butterflies,Carabids,Hoverflies,Grasshoppers_._Crickets,,,,
2213427,Bird,Carabids,Hoverflies,Ladybirds,Macromoths,Grasshoppers_._Crickets,Vascular_plants,,,,
2213446,Bees,Bird,Carabids,Isopods,Ladybirds,Macromoths,Grasshoppers_._Crickets,,,,
2213453,Bees,Bird,Bryophytes,Butterflies,Hoverflies,Ladybirds,Vascular_plants,,,,
2213459,Bird,Butterflies,Carabids,Hoverflies,Isopods,Ladybirds,Macromoths,,,,
2213543,Bees,Bird,Butterflies,Hoverflies,Ladybirds,Macromoths,Vascular_plants,,,,
2213544,Bird,Carabids,Hoverflies,Isopods,Macromoths,Grasshoppers_._Crickets,Vascular_plants,,,,
2213546,Bees,Carabids,Hoverflies,Ladybirds,Macromoths,Grasshoppers_._Crickets,Vascular_plants,,,,
2213548,Bees,Butterflies,Hoverflies,Ladybirds,Macromoths,Grasshoppers_._Crickets,Vascular_plants,,,,
2213552,Bees,Bird,Bryophytes,Butterflies,Hoverflies,Ladybirds,Macromoths,,,,
2213553,Bees,Bryophytes,Butterflies,Hoverflies,Isopods,Ladybirds,Macromoths,,,,
2213554,Bees,Bird,Butterflies,Carabids,Isopods,Ladybirds,Vascular_plants,,,,
2213557,Bees,Bryophytes,Butterflies,Carabids,Hoverflies,Ladybirds,Grasshoppers_._Crickets,,,,
2213558,Bird,Butterflies,Hoverflies,Isopods,Ladybirds,Macromoths,Grasshoppers_._Crickets,,,,
2213609,Bees,Bird,Bryophytes,Carabids,Isopods,Ladybirds,Macromoths,,,,
2213614,Bryophytes,Butterflies,Carabids,Hoverflies,Macromoths,Grasshoppers_._Crickets,Vascular_plants,,,,
2213615,Bird,Bryophytes,Butterflies,Hoverflies,Isopods,Ladybirds,Macromoths,,,,
2213618,Bees,Bird,Carabids,Hoverflies,Isopods,Ladybirds,Grasshoppers_._Crickets,,,,
2213619,Bird,Hoverflies,Isopods,Ladybirds,Macromoths,Grasshoppers_._Crickets,Vascular_plants,,,,
2213626,Bees,Bird,Butterflies,Hoverflies,Isopods,Macromoths,Grasshoppers_._Crickets,,,,
2213627,Bird,Butterflies,Carabids,Ladybirds,Macromoths,Grasshoppers_._Crickets,Vascular_plants,,,,
2213628,Bryophytes,Hoverflies,Isopods,Ladybirds,Macromoths,Grasshoppers_._Crickets,Vascular_plants,,,,
2213688,Bees,Bird,Bryophytes,Isopods,Ladybirds,Macromoths,Grasshoppers_._Crickets,,,,
2213691,Bees,Bird,Bryophytes,Carabids,Hoverflies,Isopods,Ladybirds,,,,
2213692,Bees,Bryophytes,Hoverflies,Isopods,Ladybirds,Grasshoppers_._Crickets,Vascular_plants,,,,
2213880,Bees,Bryophytes,Butterflies,Carabids,Ladybirds,Macromoths,Vascular_plants,,,,
2213905,Bees,Bird,Bryophytes,Isopods,Ladybirds,Grasshoppers_._Crickets,Vascular_plants,,,,
2213906,Bird,Butterflies,Carabids,Isopods,Ladybirds,Grasshoppers_._Crickets,Vascular_plants,,,,
2213907,Bees,Bird,Bryophytes,Carabids,Isopods,Ladybirds,Grasshoppers_._Crickets,,,,
2213975,Bees,Bird,Bryophytes,Carabids,Macromoths,Grasshoppers_._Crickets,Vascular_plants,,,,
2214044,Bees,Bryophytes,Butterflies,Carabids,Isopods,Macromoths,Vascular_plants,,,,
2214060,Bees,Bird,Bryophytes,Isopods,Macromoths,Grasshoppers_._Crickets,Vascular_plants,,,,
2214061,Bird,Bryophytes,Butterflies,Carabids,Ladybirds,Grasshoppers_._Crickets,Vascular_plants,,,,
2214122,Bryophytes,Butterflies,Carabids,Hoverflies,Isopods,Grasshoppers_._Crickets,Vascular_plants,,,,
2214123,Bees,Bird,Bryophytes,Butterflies,Hoverflies,Ladybirds,Grasshoppers_._Crickets,,,,
2214334,Bees,Bryophytes,Hoverflies,Isopods,Ladybirds,Macromoths,Grasshoppers_._Crickets,,,,
2214835,Bees,Bryophytes,Butterflies,Carabids,Hoverflies,Isopods,Macromoths,,,,
